StartDate,EndDate,Status,IPAddress,Progress,Duration (in seconds),Finished,RecordedDate,ResponseId,RecipientLastName,RecipientFirstName,RecipientEmail,ExternalReference,LocationLatitude,LocationLongitude,DistributionChannel,UserLanguage,CF2,CF1,P_ID,Trap1,ReadingQ,VisionQ,FluencyQ,Age_1,Gender,Eng,Res,Chi,Practice_1,1_Per_Rea_1,2_Per_Rea_1,3_Per_Rea_1,4_Per_Rea_1,5_Per_Rea_1,6_Per_Rea_1,7_Per_Rea_1,8_Per_Rea_1,9_Per_Rea_1,10_Per_Rea_1,11_Per_Rea_1,12_Per_Rea_1,13_Per_Rea_1,14_Per_Rea_1,15_Per_Rea_1,16_Per_Rea_1,17_Per_Rea_1,18_Per_Rea_1,19_Per_Rea_1,20_Per_Rea_1,21_Per_Rea_1,22_Per_Rea_1,23_Per_Rea_1,24_Per_Rea_1,25_Per_Rea_1,26_Per_Rea_1,27_Per_Rea_1,28_Per_Rea_1,29_Per_Rea_1,30_Per_Rea_1,1_Per_Imp_1,2_Per_Imp_1,3_Per_Imp_1,4_Per_Imp_1,5_Per_Imp_1,6_Per_Imp_1,7_Per_Imp_1,8_Per_Imp_1,9_Per_Imp_1,10_Per_Imp_1,11_Per_Imp_1,12_Per_Imp_1,13_Per_Imp_1,14_Per_Imp_1,15_Per_Imp_1,16_Per_Imp_1,17_Per_Imp_1,18_Per_Imp_1,19_Per_Imp_1,20_Per_Imp_1,21_Per_Imp_1,22_Per_Imp_1,23_Per_Imp_1,24_Per_Imp_1,25_Per_Imp_1,26_Per_Imp_1,27_Per_Imp_1,28_Per_Imp_1,29_Per_Imp_1,30_Per_Imp_1,1_Per_Con_1,2_Per_Con_1,3_Per_Con_1,4_Per_Con_1,5_Per_Con_1,6_Per_Con_1,7_Per_Con_1,8_Per_Con_1,9_Per_Con_1,10_Per_Con_1,11_Per_Con_1,12_Per_Con_1,13_Per_Con_1,14_Per_Con_1,15_Per_Con_1,16_Per_Con_1,17_Per_Con_1,18_Per_Con_1,19_Per_Con_1,20_Per_Con_1,21_Per_Con_1,22_Per_Con_1,23_Per_Con_1,24_Per_Con_1,25_Per_Con_1,26_Per_Con_1,27_Per_Con_1,28_Per_Con_1,29_Per_Con_1,30_Per_Con_1,Practice_Gen_1,1_Gen_Rea_1,2_Gen_Rea_1,3_Gen_Rea_1,4_Gen_Rea_1,5_Gen_Rea_1,6_Gen_Rea_1,7_Gen_Rea_1,8_Gen_Rea_1,9_Gen_Rea_1,10_Gen_Rea_1,11_Gen_Rea_1,12_Gen_Rea_1,13_Gen_Rea_1,14_Gen_Rea_1,15_Gen_Rea_1,16_Gen_Rea_1,17_Gen_Rea_1,18_Gen_Rea_1,19_Gen_Rea_1,20_Gen_Rea_1,21_Gen_Rea_1,22_Gen_Rea_1,23_Gen_Rea_1,24_Gen_Rea_1,25_Gen_Rea_1,26_Gen_Rea_1,27_Gen_Rea_1,28_Gen_Rea_1,29_Gen_Rea_1,30_Gen_Rea_1,1_Gen_Imp_1,2_Gen_Imp_1,3_Gen_Imp_1,4_Gen_Imp_1,5_Gen_Imp_1,6_Gen_Imp_1,7_Gen_Imp_1,8_Gen_Imp_1,9_Gen_Imp_1,10_Gen_Imp_1,11_Gen_Imp_1,12_Gen_Imp_1,13_Gen_Imp_1,14_Gen_Imp_1,15_Gen_Imp_1,16_Gen_Imp_1,17_Gen_Imp_1,18_Gen_Imp_1,19_Gen_Imp_1,20_Gen_Imp_1,21_Gen_Imp_1,22_Gen_Imp_1,23_Gen_Imp_1,24_Gen_Imp_1,25_Gen_Imp_1,26_Gen_Imp_1,27_Gen_Imp_1,28_Gen_Imp_1,29_Gen_Imp_1,30_Gen_Imp_1,1_Gen_Con_1,2_Gen_Con_1,3_Gen_Con_1,4_Gen_Con_1,5_Gen_Con_1,6_Gen_Con_1,7_Gen_Con_1,8_Gen_Con_1,9_Gen_Con_1,10_Gen_Con_1,11_Gen_Con_1,12_Gen_Con_1,13_Gen_Con_1,14_Gen_Con_1,15_Gen_Con_1,16_Gen_Con_1,17_Gen_Con_1,18_Gen_Con_1,19_Gen_Con_1,20_Gen_Con_1,21_Gen_Con_1,22_Gen_Con_1,23_Gen_Con_1,24_Gen_Con_1,25_Gen_Con_1,26_Gen_Con_1,27_Gen_Con_1,28_Gen_Con_1,29_Gen_Con_1,30_Gen_Con_1,PROLIFIC_PID,GeoLocation
8/06/2020 2:00,8/06/2020 2:05,IP Address,151.226.2.236,100,274,TRUE,8/06/2020 2:05,R_Tu3JVPCxWvCpbY5,,,,,52.95379639,-1.157104492,anonymous,EN,I hereby consent to my participation in this experiment.,"Yes, I hereby agree and consent to the use of my data in future research.",5d26f5eb7aa0b0000138b4ba,Chicago,No,Yes,Yes,23,Female,Yes.,United Kingdom of Great Britain and Northern Ireland,United Kingdom of Great Britain and Northern Ireland,100,4,1,5,1,7,11,10,10,1,2,91,20,91,94,60,78,0,83,63,11,66,50,0,93,10,66,0,63,0,2,,,,,,,,,,,,,,,,,,,,,,,,,,,,,,,,,,,,,,,,,,,,,,,,,,,,,,,,,,,,,,,,,,,,,,,,,,,,,,,,,,,,,,,,,,,,,,,,,,,,,,,,,,,,,,,,,,,,,,,,,,,,,,,,,,,,,,,,,,,,,,,,,,,,,,,,,United Kingdom
8/06/2020 2:00,8/06/2020 2:05,IP Address,86.156.182.94,100,264,TRUE,8/06/2020 2:05,R_szcLONzONAoAlJn,,,,,53.3500061,-1.550003052,anonymous,EN,I hereby consent to my participation in this experiment.,"Yes, I hereby agree and consent to the use of my data in future research.",5e4527b4bce90f000b91d065,Chicago,No,Yes,Yes,46,Female,Yes.,United Kingdom of Great Britain and Northern Ireland,United Kingdom of Great Britain and Northern Ireland,,,,,,,,,,,,,,,,,,,,,,,,,,,,,,,,,,,,,,,,,,,,,,,,,,,,,,,,,,,,,,,,,,,,,,,,,,,,,,,,,,,,,,,,,,,,95,,,,,,,,,,,,,,,,,,,,,,,,,,,,,,,36,0,96,12,8,63,7,50,58,17,85,16,73,79,68,79,11,57,67,47,34,81,36,81,44,30,45,16,23,3,,,,,,,,,,,,,,,,,,,,,,,,,,,,,,,,United Kingdom
8/06/2020 2:00,8/06/2020 2:05,IP Address,86.142.42.100,100,287,TRUE,8/06/2020 2:05,R_2OSTNruZYQU23Ef,,,,,50.4644928,-4.464797974,anonymous,EN,I hereby consent to my participation in this experiment.,"Yes, I hereby agree and consent to the use of my data in future research.",5ca48653ed23650001328d9d,Chicago,No,Yes,Yes,40,Female,Yes.,United Kingdom of Great Britain and Northern Ireland,United Kingdom of Great Britain and Northern Ireland,84,,,,,,,,,,,,,,,,,,,,,,,,,,,,,,,,,,,,,,,,,,,,,,,,,,,,,,,,,,,,,65,22,57,24,98,52,5,42,50,0,95,2,57,75,94,54,0,87,80,10,75,99,1,69,2,62,51,62,9,24,,,,,,,,,,,,,,,,,,,,,,,,,,,,,,,,,,,,,,,,,,,,,,,,,,,,,,,,,,,,,,,,,,,,,,,,,,,,,,,,,,,,,,,,,,,,,United Kingdom
8/06/2020 2:01,8/06/2020 2:06,IP Address,86.143.170.100,100,290,TRUE,8/06/2020 2:06,R_2awYsyybU8waAVW,,,,,52.33250427,-0.184402466,anonymous,EN,I hereby consent to my participation in this experiment.,"Yes, I hereby agree and consent to the use of my data in future research.",5be0662dea836b0001e9870f,Chicago,No,Yes,Yes,41,Female,Yes.,United Kingdom of Great Britain and Northern Ireland,United States of America,,,,,,,,,,,,,,,,,,,,,,,,,,,,,,,,,,,,,,,,,,,,,,,,,,,,,,,,,,,,,,,,,,,,,,,,,,,,,,,,,,,,,,,,,,,,100,71,13,68,18,76,69,64,19,63,34,89,48,79,83,84,93,20,84,82,30,86,82,13,95,51,77,73,72,13,4,,,,,,,,,,,,,,,,,,,,,,,,,,,,,,,,,,,,,,,,,,,,,,,,,,,,,,,,,,,,,,United Kingdom
8/06/2020 2:00,8/06/2020 2:06,IP Address,84.13.166.46,100,331,TRUE,8/06/2020 2:06,R_2Yy0PAgZt1SD1k2,,,,,53.58149719,-2.17779541,anonymous,EN,I hereby consent to my participation in this experiment.,"Yes, I hereby agree and consent to the use of my data in future research.",5ea1b086628da2084a3c37b7,Chicago,No,Yes,Yes,28,Female,Yes.,United Kingdom of Great Britain and Northern Ireland,United Kingdom of Great Britain and Northern Ireland,,,,,,,,,,,,,,,,,,,,,,,,,,,,,,,,,,,,,,,,,,,,,,,,,,,,,,,,,,,,,,,,,,,,,,,,,,,,,,,,,,,,,,,,,,,,100,,,,,,,,,,,,,,,,,,,,,,,,,,,,,,,,,,,,,,,,,,,,,,,,,,,,,,,,,,,,,0,0,24,0,0,0,0,0,11,0,100,0,78,0,0,0,0,6,0,0,7,92,0,100,0,0,0,0,0,0,,United Kingdom
8/06/2020 2:01,8/06/2020 2:07,IP Address,82.3.84.215,100,349,TRUE,8/06/2020 2:07,R_3Is588VbLwvHytb,,,,,51.29110718,-1.05279541,anonymous,EN,I hereby consent to my participation in this experiment.,"Yes, I hereby agree and consent to the use of my data in future research.",5dca918f9173807642d6d5b8,Chicago,No,Yes,Yes,36,Female,Yes.,United Kingdom of Great Britain and Northern Ireland,United Kingdom of Great Britain and Northern Ireland,99,0,0,0,0,0,0,0,0,45,0,15,0,2,0,0,0,0,0,0,0,0,47,0,10,0,0,32,0,0,0,,,,,,,,,,,,,,,,,,,,,,,,,,,,,,,,,,,,,,,,,,,,,,,,,,,,,,,,,,,,,,,,,,,,,,,,,,,,,,,,,,,,,,,,,,,,,,,,,,,,,,,,,,,,,,,,,,,,,,,,,,,,,,,,,,,,,,,,,,,,,,,,,,,,,,,,,United Kingdom
8/06/2020 2:00,8/06/2020 2:07,IP Address,86.183.231.134,100,397,TRUE,8/06/2020 2:07,R_2Tt7FFVQckq82QT,,,,,52.53689575,-0.204101563,anonymous,EN,I hereby consent to my participation in this experiment.,"Yes, I hereby agree and consent to the use of my data in future research.",595c064a647a040001dd3432,Chicago,No,Yes,Yes,33,Female,Yes.,United Kingdom of Great Britain and Northern Ireland,United Kingdom of Great Britain and Northern Ireland,100,,,,,,,,,,,,,,,,,,,,,,,,,,,,,,,3,0,65,0,42,9,0,60,25,0,100,0,4,0,0,0,0,64,0,58,0,65,0,100,0,62,43,5,0,0,,,,,,,,,,,,,,,,,,,,,,,,,,,,,,,,,,,,,,,,,,,,,,,,,,,,,,,,,,,,,,,,,,,,,,,,,,,,,,,,,,,,,,,,,,,,,,,,,,,,,,,,,,,,,,,,,,,,,,,,,,,United Kingdom
8/06/2020 2:02,8/06/2020 2:07,IP Address,195.213.95.240,100,291,TRUE,8/06/2020 2:07,R_1rukD8H6t4Tu5Ql,,,,,53.99510193,-1.162597656,anonymous,EN,I hereby consent to my participation in this experiment.,"Yes, I hereby agree and consent to the use of my data in future research.",57b4a771cda70d0001534835,Chicago,No,Yes,Yes,40,Female,Yes.,United Kingdom of Great Britain and Northern Ireland,United Kingdom of Great Britain and Northern Ireland,100,,,,,,,,,,,,,,,,,,,,,,,,,,,,,,,0,0,0,0,47,0,0,37,0,0,48,0,0,0,0,0,0,64,0,0,2,79,0,62,0,0,0,3,0,0,,,,,,,,,,,,,,,,,,,,,,,,,,,,,,,,,,,,,,,,,,,,,,,,,,,,,,,,,,,,,,,,,,,,,,,,,,,,,,,,,,,,,,,,,,,,,,,,,,,,,,,,,,,,,,,,,,,,,,,,,,,United Kingdom
8/06/2020 2:01,8/06/2020 2:07,IP Address,90.253.55.150,100,353,TRUE,8/06/2020 2:07,R_1gkgAFKd8ugYHBR,,,,,56.1427002,-3.295394897,anonymous,EN,I hereby consent to my participation in this experiment.,"Yes, I hereby agree and consent to the use of my data in future research.",5ae5e66d3ab2fb0001ef2f3c,Chicago,No,Yes,Yes,35,Male,Yes.,United Kingdom of Great Britain and Northern Ireland,United Kingdom of Great Britain and Northern Ireland,,,,,,,,,,,,,,,,,,,,,,,,,,,,,,,,,,,,,,,,,,,,,,,,,,,,,,,,,,,,,,,,,,,,,,,,,,,,,,,,,,,,,,,,,,,,100,,,,,,,,,,,,,,,,,,,,,,,,,,,,,,,,,,,,,,,,,,,,,,,,,,,,,,,,,,,,,10,1,72,0,28,20,0,24,35,0,59,0,38,31,28,19,1,11,37,0,24,23,0,80,0,38,67,0,0,0,,United Kingdom
8/06/2020 2:01,8/06/2020 2:07,IP Address,165.225.81.52,100,384,TRUE,8/06/2020 2:07,R_2dgdDmsrEPfLo1K,,,,,51.47169495,-0.116104126,anonymous,EN,I hereby consent to my participation in this experiment.,"Yes, I hereby agree and consent to the use of my data in future research.",5ced352a6b2b3d001a94c003,Chicago,No,Yes,Yes,39,Male,Yes.,United Kingdom of Great Britain and Northern Ireland,United Kingdom of Great Britain and Northern Ireland,,,,,,,,,,,,,,,,,,,,,,,,,,,,,,,,,,,,,,,,,,,,,,,,,,,,,,,,,,,,,,,,,,,,,,,,,,,,,,,,,,,,,,,,,,,,100,32,7,42,10,100,51,6,18,24,0,81,28,49,71,31,28,2,74,2,17,38,100,14,100,22,60,23,16,1,2,,,,,,,,,,,,,,,,,,,,,,,,,,,,,,,,,,,,,,,,,,,,,,,,,,,,,,,,,,,,,,United Kingdom
8/06/2020 2:02,8/06/2020 2:07,IP Address,80.195.132.149,100,326,TRUE,8/06/2020 2:07,R_BsOszBGgj1buRy1,,,,,52.53379822,-1.7368927,anonymous,EN,I hereby consent to my participation in this experiment.,"Yes, I hereby agree and consent to the use of my data in future research.",584d88ee6a3e990001bf1b67,Chicago,No,Yes,Yes,41,Female,Yes.,United Kingdom of Great Britain and Northern Ireland,United Kingdom of Great Britain and Northern Ireland,,,,,,,,,,,,,,,,,,,,,,,,,,,,,,,,,,,,,,,,,,,,,,,,,,,,,,,,,,,,,,,,,,,,,,,,,,,,,,,,,,,,,,,,,,,,99,,,,,,,,,,,,,,,,,,,,,,,,,,,,,,,18,0,9,0,21,2,0,5,6,0,62,0,20,60,82,49,0,48,16,2,1,81,5,49,0,13,12,4,0,0,,,,,,,,,,,,,,,,,,,,,,,,,,,,,,,,United Kingdom
8/06/2020 2:01,8/06/2020 2:08,IP Address,86.168.132.45,100,386,TRUE,8/06/2020 2:08,R_6qW49uJ4FNmGCYx,,,,,52.11610413,-1.064804077,anonymous,EN,I hereby consent to my participation in this experiment.,"Yes, I hereby agree and consent to the use of my data in future research.",59c028e8754a19000111c303,Chicago,No,Yes,Yes,45,Female,Yes.,United Kingdom of Great Britain and Northern Ireland,United Kingdom of Great Britain and Northern Ireland,100,,,,,,,,,,,,,,,,,,,,,,,,,,,,,,,,,,,,,,,,,,,,,,,,,,,,,,,,,,,,,0,0,100,0,100,100,0,0,100,0,100,0,0,0,0,0,0,100,0,0,100,100,0,100,0,0,100,0,0,0,,,,,,,,,,,,,,,,,,,,,,,,,,,,,,,,,,,,,,,,,,,,,,,,,,,,,,,,,,,,,,,,,,,,,,,,,,,,,,,,,,,,,,,,,,,,,United Kingdom
8/06/2020 2:02,8/06/2020 2:08,IP Address,94.0.95.40,100,358,TRUE,8/06/2020 2:08,R_3qhUA4d3wgGKryp,,,,,51.36390686,0.613998413,anonymous,EN,I hereby consent to my participation in this experiment.,"Yes, I hereby agree and consent to the use of my data in future research.",5e3ff7f1209f97228a6c26a9,Chicago,No,Yes,Yes,32,Female,Yes.,United Kingdom of Great Britain and Northern Ireland,United Kingdom of Great Britain and Northern Ireland,73,0,0,9,0,20,0,0,0,0,0,85,0,65,75,20,91,0,30,51,0,22,74,0,79,0,16,0,14,0,0,,,,,,,,,,,,,,,,,,,,,,,,,,,,,,,,,,,,,,,,,,,,,,,,,,,,,,,,,,,,,,,,,,,,,,,,,,,,,,,,,,,,,,,,,,,,,,,,,,,,,,,,,,,,,,,,,,,,,,,,,,,,,,,,,,,,,,,,,,,,,,,,,,,,,,,,,United Kingdom
8/06/2020 2:01,8/06/2020 2:08,IP Address,81.136.86.45,100,407,TRUE,8/06/2020 2:08,R_3EGVY5aHyP9zMP9,,,,,53.25579834,-0.507705688,anonymous,EN,I hereby consent to my participation in this experiment.,"Yes, I hereby agree and consent to the use of my data in future research.",5ea96eb7083ea5057fd3003c,Chicago,No,Yes,Yes,26,Male,Yes.,United Kingdom of Great Britain and Northern Ireland,United Kingdom of Great Britain and Northern Ireland,,,,,,,,,,,,,,,,,,,,,,,,,,,,,,,,,,,,,,,,,,,,,,,,,,,,,,,,,,,,,,,,,,,,,,,,,,,,,,,,,,,,,,,,,,,,100,7,0,35,1,61,27,0,12,25,0,100,11,94,100,92,100,0,100,56,13,60,100,5,90,44,96,50,66,0,0,,,,,,,,,,,,,,,,,,,,,,,,,,,,,,,,,,,,,,,,,,,,,,,,,,,,,,,,,,,,,,United Kingdom
8/06/2020 2:03,8/06/2020 2:08,IP Address,176.26.146.39,100,290,TRUE,8/06/2020 2:08,R_3HSaJTV9YvCSmY3,,,,,52.43910217,-1.50390625,anonymous,EN,I hereby consent to my participation in this experiment.,"Yes, I hereby agree and consent to the use of my data in future research.",5e5432b7c1d6c60919eb11d8,Chicago,No,Yes,Yes,33,Female,Yes.,United Kingdom of Great Britain and Northern Ireland,United Kingdom of Great Britain and Northern Ireland,,,,,,,,,,,,,,,,,,,,,,,,,,,,,,,,,,,,,,,,,,,,,,,,,,,,,,,,,,,,,,,,,,,,,,,,,,,,,,,,,,,,,,,,,,,,100,,,,,,,,,,,,,,,,,,,,,,,,,,,,,,,,,,,,,,,,,,,,,,,,,,,,,,,,,,,,,76,76,75,70,52,100,87,100,45,32,100,74,100,100,99,100,55,98,100,80,100,98,88,100,100,100,69,91,85,31,,United Kingdom
8/06/2020 2:00,8/06/2020 2:08,IP Address,88.108.63.117,100,460,TRUE,8/06/2020 2:08,R_1E42iuzXrp8a3XW,,,,,53.38310242,-1.460098267,anonymous,EN,I hereby consent to my participation in this experiment.,"Yes, I hereby agree and consent to the use of my data in future research.",5863ab01ac950900013dd9dd,Chicago,No,Yes,Yes,56,Male,Yes.,United Kingdom of Great Britain and Northern Ireland,United Kingdom of Great Britain and Northern Ireland,,,,,,,,,,,,,,,,,,,,,,,,,,,,,,,,,,,,,,,,,,,,,,,,,,,,,,,,,,,,,,,,,,,,,,,,,,,,,,,,,,,,,,,,,,,,100,,,,,,,,,,,,,,,,,,,,,,,,,,,,,,,0,0,7,0,18,0,0,50,0,1,71,0,10,50,0,17,0,84,0,0,51,49,0,70,0,49,0,51,0,11,,,,,,,,,,,,,,,,,,,,,,,,,,,,,,,,United Kingdom
8/06/2020 2:01,8/06/2020 2:08,IP Address,86.137.251.11,100,423,TRUE,8/06/2020 2:08,R_1r7TRDE2eMCz9eR,,,,,54.54840088,-1.593704224,anonymous,EN,I hereby consent to my participation in this experiment.,"Yes, I hereby agree, but do not consent to the use of my data in future research.",58935bbed060d400011601ac,Chicago,No,Yes,Yes,57,Male,Yes.,United Kingdom of Great Britain and Northern Ireland,United Kingdom of Great Britain and Northern Ireland,100,,,,,,,,,,,,,,,,,,,,,,,,,,,,,,,0,0,15,0,0,0,0,0,0,0,100,0,0,87,78,71,0,91,96,0,100,100,0,100,53,15,4,54,0,0,,,,,,,,,,,,,,,,,,,,,,,,,,,,,,,,,,,,,,,,,,,,,,,,,,,,,,,,,,,,,,,,,,,,,,,,,,,,,,,,,,,,,,,,,,,,,,,,,,,,,,,,,,,,,,,,,,,,,,,,,,,United Kingdom
8/06/2020 2:01,8/06/2020 2:08,IP Address,92.29.5.117,100,434,TRUE,8/06/2020 2:08,R_1rpQ5vT5D3fKeoK,,,,,56.48060608,-2.935806274,anonymous,EN,I hereby consent to my participation in this experiment.,"Yes, I hereby agree and consent to the use of my data in future research.",5d53be7ddaac02001566b548,Chicago,No,Yes,Yes,34,Female,Yes.,United Kingdom of Great Britain and Northern Ireland,United Kingdom of Great Britain and Northern Ireland,100,,,,,,,,,,,,,,,,,,,,,,,,,,,,,,,,,,,,,,,,,,,,,,,,,,,,,,,,,,,,,0,0,72,0,8,0,0,0,55,0,100,0,77,82,75,37,0,41,2,0,7,53,0,100,9,0,56,0,0,0,,,,,,,,,,,,,,,,,,,,,,,,,,,,,,,,,,,,,,,,,,,,,,,,,,,,,,,,,,,,,,,,,,,,,,,,,,,,,,,,,,,,,,,,,,,,,United Kingdom
8/06/2020 2:00,8/06/2020 2:09,IP Address,62.64.206.91,100,494,TRUE,8/06/2020 2:09,R_1DLUcPKUzYwkmgW,,,,,51.46229553,-2.550201416,anonymous,EN,I hereby consent to my participation in this experiment.,"Yes, I hereby agree and consent to the use of my data in future research.",5c0ebf81857373000152ed32,Chicago,No,Yes,Yes,34,Female,Yes.,United Kingdom of Great Britain and Northern Ireland,United Kingdom of Great Britain and Northern Ireland,100,,,,,,,,,,,,,,,,,,,,,,,,,,,,,,,,,,,,,,,,,,,,,,,,,,,,,,,,,,,,,34,34,50,37,63,52,20,58,46,5,84,35,81,14,91,75,10,77,12,13,62,76,48,82,61,62,48,18,30,14,,,,,,,,,,,,,,,,,,,,,,,,,,,,,,,,,,,,,,,,,,,,,,,,,,,,,,,,,,,,,,,,,,,,,,,,,,,,,,,,,,,,,,,,,,,,,United Kingdom
8/06/2020 2:01,8/06/2020 2:09,IP Address,188.211.163.128,100,469,TRUE,8/06/2020 2:09,R_3rYaxMfYarJPO0Q,,,,,51.47200012,-0.220397949,anonymous,EN,I hereby consent to my participation in this experiment.,"Yes, I hereby agree and consent to the use of my data in future research.",5e72575be8e23118f1a6359b,Chicago,No,Yes,Yes,25,Female,Yes.,United Kingdom of Great Britain and Northern Ireland,United Kingdom of Great Britain and Northern Ireland,,,,,,,,,,,,,,,,,,,,,,,,,,,,,,,,,,,,,,,,,,,,,,,,,,,,,,,,,,,,,,,,,,,,,,,,,,,,,,,,,,,,,,,,,,,,89,,,,,,,,,,,,,,,,,,,,,,,,,,,,,,,,,,,,,,,,,,,,,,,,,,,,,,,,,,,,,31,0,14,14,32,27,29,23,6,13,89,28,66,90,67,65,8,46,56,59,29,73,0,64,58,53,11,28,8,0,,United Kingdom
8/06/2020 2:00,8/06/2020 2:09,IP Address,49.255.189.174,100,526,TRUE,8/06/2020 2:09,R_30iwA213HoerR7a,,,,,-31.96330261,115.8608093,anonymous,EN,I hereby consent to my participation in this experiment.,"Yes, I hereby agree and consent to the use of my data in future research.",5d256883e36e710019509985,Chicago,No,Yes,Yes,45,Male,Yes.,Australia,Australia,,,,,,,,,,,,,,,,,,,,,,,,,,,,,,,,,,,,,,,,,,,,,,,,,,,,,,,,,,,,,,,,,,,,,,,,,,,,,,,,,,,,,,,,,,,,100,4,0,23,1,1,3,0,1,49,20,78,21,49,86,74,5,11,61,12,10,1,10,13,51,11,3,21,2,1,2,,,,,,,,,,,,,,,,,,,,,,,,,,,,,,,,,,,,,,,,,,,,,,,,,,,,,,,,,,,,,,Australia
8/06/2020 2:02,8/06/2020 2:09,IP Address,84.65.69.127,100,420,TRUE,8/06/2020 2:09,R_3qw0ivhQSzw1lyn,,,,,52.01579285,-0.69039917,anonymous,EN,I hereby consent to my participation in this experiment.,"Yes, I hereby agree and consent to the use of my data in future research.",57f8a3ece480f5000136f588,Chicago,No,Yes,Yes,60,Female,Yes.,United Kingdom of Great Britain and Northern Ireland,Ireland,100,,,,,,,,,,,,,,,,,,,,,,,,,,,,,,,,,,,,,,,,,,,,,,,,,,,,,,,,,,,,,0,0,0,0,0,0,0,0,0,0,0,0,0,0,0,0,0,18,0,0,0,100,0,3,0,0,0,0,0,0,,,,,,,,,,,,,,,,,,,,,,,,,,,,,,,,,,,,,,,,,,,,,,,,,,,,,,,,,,,,,,,,,,,,,,,,,,,,,,,,,,,,,,,,,,,,,United Kingdom
8/06/2020 2:03,8/06/2020 2:09,IP Address,95.148.93.203,100,414,TRUE,8/06/2020 2:09,R_3hgAeFZ11omdP69,,,,,55.95100403,-3.19720459,anonymous,EN,I hereby consent to my participation in this experiment.,"Yes, I hereby agree and consent to the use of my data in future research.",5cf91e29355edf001972c156,Chicago,No,Yes,Yes,41,Female,"No, it's my second language.",United Kingdom of Great Britain and Northern Ireland,Uruguay,,,,,,,,,,,,,,,,,,,,,,,,,,,,,,,,,,,,,,,,,,,,,,,,,,,,,,,,,,,,,,,,,,,,,,,,,,,,,,,,,,,,,,,,,,,,100,95,100,85,51,76,92,100,82,100,19,100,100,100,100,100,100,89,100,100,67,91,65,100,100,50,94,100,81,95,100,,,,,,,,,,,,,,,,,,,,,,,,,,,,,,,,,,,,,,,,,,,,,,,,,,,,,,,,,,,,,,United Kingdom
8/06/2020 2:03,8/06/2020 2:09,IP Address,92.239.218.6,100,407,TRUE,8/06/2020 2:09,R_Yccg4YOjMzUUipX,,,,,56.52920532,-3.074493408,anonymous,EN,I hereby consent to my participation in this experiment.,"Yes, I hereby agree, but do not consent to the use of my data in future research.",5ed1520d74c93509055aab74,Chicago,No,Yes,Yes,24,Female,Yes.,United Kingdom of Great Britain and Northern Ireland,United Kingdom of Great Britain and Northern Ireland,,,,,,,,,,,,,,,,,,,,,,,,,,,,,,,,,,,,,,,,,,,,,,,,,,,,,,,,,,,,,,,,,,,,,,,,,,,,,,,,,,,,,,,,,,,,75,,,,,,,,,,,,,,,,,,,,,,,,,,,,,,,0,0,49,0,25,0,0,23,5,0,83,6,0,13,47,0,0,0,0,0,43,49,0,67,0,2,6,0,0,0,,,,,,,,,,,,,,,,,,,,,,,,,,,,,,,,United Kingdom
8/06/2020 2:03,8/06/2020 2:10,IP Address,213.205.240.10,100,373,TRUE,8/06/2020 2:10,R_1QA6bKVC0gqBBNU,,,,,51.55070496,-0.053695679,anonymous,EN,I hereby consent to my participation in this experiment.,"Yes, I hereby agree and consent to the use of my data in future research.",5e8904120ee3545a07fd6aa8,Chicago,No,Yes,Yes,36,Male,"No, it's my second language.",United Kingdom of Great Britain and Northern Ireland,Bulgaria,93,,,,,,,,,,,,,,,,,,,,,,,,,,,,,,,45,50,51,56,45,53,54,52,55,57,53,52,51,68,71,50,54,52,62,50,69,56,46,52,52,49,47,42,52,53,,,,,,,,,,,,,,,,,,,,,,,,,,,,,,,,,,,,,,,,,,,,,,,,,,,,,,,,,,,,,,,,,,,,,,,,,,,,,,,,,,,,,,,,,,,,,,,,,,,,,,,,,,,,,,,,,,,,,,,,,,,United Kingdom
8/06/2020 2:06,8/06/2020 2:10,IP Address,88.111.134.157,100,238,TRUE,8/06/2020 2:10,R_YSU9qqFbG4F8s93,,,,,51.62469482,-0.7447052,anonymous,EN,I hereby consent to my participation in this experiment.,"Yes, I hereby agree and consent to the use of my data in future research.",5eb8b92315a3c17fee130a39,Chicago,No,Yes,Yes,18,Male,Yes.,United Kingdom of Great Britain and Northern Ireland,United Kingdom of Great Britain and Northern Ireland,71,6,55,56,11,11,45,58,1,10,100,78,20,64,20,29,12,70,57,19,76,75,77,9,65,11,13,11,81,65,82,,,,,,,,,,,,,,,,,,,,,,,,,,,,,,,,,,,,,,,,,,,,,,,,,,,,,,,,,,,,,,,,,,,,,,,,,,,,,,,,,,,,,,,,,,,,,,,,,,,,,,,,,,,,,,,,,,,,,,,,,,,,,,,,,,,,,,,,,,,,,,,,,,,,,,,,,United Kingdom
8/06/2020 2:02,8/06/2020 2:10,IP Address,185.69.145.177,100,465,TRUE,8/06/2020 2:10,R_1pzgDgxlZBgvo6e,,,,,51.49639893,-0.122406006,anonymous,EN,I hereby consent to my participation in this experiment.,"Yes, I hereby agree and consent to the use of my data in future research.",55b142b8fdf99b43fb57ab9f,Chicago,No,Yes,Yes,28,Female,Yes.,United Kingdom of Great Britain and Northern Ireland,United Kingdom of Great Britain and Northern Ireland,,,,,,,,,,,,,,,,,,,,,,,,,,,,,,,,,,,,,,,,,,,,,,,,,,,,,,,,,,,,,,,,,,,,,,,,,,,,,,,,,,,,,,,,,,,,100,,,,,,,,,,,,,,,,,,,,,,,,,,,,,,,48,0,49,25,22,63,0,54,27,0,100,0,89,100,58,0,0,0,0,53,0,86,0,77,100,73,67,54,0,0,,,,,,,,,,,,,,,,,,,,,,,,,,,,,,,,United Kingdom
8/06/2020 2:02,8/06/2020 2:10,IP Address,84.65.178.176,100,489,TRUE,8/06/2020 2:10,R_2XolebKzWHjSrlC,,,,,53.43440247,-2.266403198,anonymous,EN,I hereby consent to my participation in this experiment.,"Yes, I hereby agree and consent to the use of my data in future research.",5ea46fda3bb09e4257523988,Chicago,No,Yes,Yes,25,Female,"No, it's my second language.",United Kingdom of Great Britain and Northern Ireland,Lebanon,,,,,,,,,,,,,,,,,,,,,,,,,,,,,,,,,,,,,,,,,,,,,,,,,,,,,,,,,,,,,,,,,,,,,,,,,,,,,,,,,,,,,,,,,,,,100,38,8,33,40,43,35,0,33,12,0,100,76,85,72,68,27,13,75,58,69,85,77,16,74,76,75,35,31,1,31,,,,,,,,,,,,,,,,,,,,,,,,,,,,,,,,,,,,,,,,,,,,,,,,,,,,,,,,,,,,,,United Kingdom
8/06/2020 2:01,8/06/2020 2:10,IP Address,86.181.146.51,100,574,TRUE,8/06/2020 2:10,R_3QDm7deysgAtKS7,,,,,53.61320496,-2.606796265,anonymous,EN,I hereby consent to my participation in this experiment.,"Yes, I hereby agree and consent to the use of my data in future research.",5d08bd151ea0f200194a5cf8,Chicago,No,Yes,Yes,24,Female,Yes.,United Kingdom of Great Britain and Northern Ireland,United Kingdom of Great Britain and Northern Ireland,100,,,,,,,,,,,,,,,,,,,,,,,,,,,,,,,11,11,25,12,38,13,24,16,51,0,94,19,38,70,61,60,7,58,63,9,24,42,30,70,70,38,20,0,0,0,,,,,,,,,,,,,,,,,,,,,,,,,,,,,,,,,,,,,,,,,,,,,,,,,,,,,,,,,,,,,,,,,,,,,,,,,,,,,,,,,,,,,,,,,,,,,,,,,,,,,,,,,,,,,,,,,,,,,,,,,,,United Kingdom
8/06/2020 2:00,8/06/2020 2:11,IP Address,92.2.214.131,100,622,TRUE,8/06/2020 2:11,R_aXymf3gADDoMcCJ,,,,,51.55549622,-0.621200562,anonymous,EN,I hereby consent to my participation in this experiment.,"Yes, I hereby agree and consent to the use of my data in future research.",5e97391b5a067a1e2dd55485,Chicago,No,Yes,Yes,27,Female,Yes.,United Kingdom of Great Britain and Northern Ireland,United Kingdom of Great Britain and Northern Ireland,,,,,,,,,,,,,,,,,,,,,,,,,,,,,,,,,,,,,,,,,,,,,,,,,,,,,,,,,,,,,,,,,,,,,,,,,,,,,,,,,,,,,,,,,,,,100,,,,,,,,,,,,,,,,,,,,,,,,,,,,,,,,,,,,,,,,,,,,,,,,,,,,,,,,,,,,,0,0,56,0,8,62,0,81,13,0,100,3,100,65,6,52,0,17,49,91,20,15,0,100,0,72,58,4,0,0,,United Kingdom
8/06/2020 2:00,8/06/2020 2:11,IP Address,185.152.10.23,100,642,TRUE,8/06/2020 2:11,R_2cCRgDaCAGLTJnL,,,,,52.05029297,-1.541793823,anonymous,EN,I hereby consent to my participation in this experiment.,"Yes, I hereby agree and consent to the use of my data in future research.",5e5794ecbf43fe000bb80157,Chicago,No,Yes,Yes,43,Female,Yes.,United Kingdom of Great Britain and Northern Ireland,United Kingdom of Great Britain and Northern Ireland,,,,,,,,,,,,,,,,,,,,,,,,,,,,,,,,,,,,,,,,,,,,,,,,,,,,,,,,,,,,,,,,,,,,,,,,,,,,,,,,,,,,,,,,,,,,63,,,,,,,,,,,,,,,,,,,,,,,,,,,,,,,0,0,5,0,7,1,0,1,9,0,78,0,23,59,0,36,0,5,10,0,0,17,0,57,1,0,12,0,2,0,,,,,,,,,,,,,,,,,,,,,,,,,,,,,,,,United Kingdom
8/06/2020 2:01,8/06/2020 2:11,IP Address,82.69.185.102,100,623,TRUE,8/06/2020 2:11,R_2tf1gdo3I5NBZ6A,,,,,51.07000732,-1.797897339,anonymous,EN,I hereby consent to my participation in this experiment.,"Yes, I hereby agree and consent to the use of my data in future research.",5847e40d6cca010001fe2d64,Chicago,No,Yes,Yes,55,Male,Yes.,United Kingdom of Great Britain and Northern Ireland,United Kingdom of Great Britain and Northern Ireland,100,5,2,50,3,4,24,0,61,21,0,97,1,3,91,80,4,0,11,19,3,22,53,4,50,3,8,12,1,0,0,,,,,,,,,,,,,,,,,,,,,,,,,,,,,,,,,,,,,,,,,,,,,,,,,,,,,,,,,,,,,,,,,,,,,,,,,,,,,,,,,,,,,,,,,,,,,,,,,,,,,,,,,,,,,,,,,,,,,,,,,,,,,,,,,,,,,,,,,,,,,,,,,,,,,,,,,United Kingdom
8/06/2020 2:01,8/06/2020 2:11,IP Address,91.110.214.252,100,596,TRUE,8/06/2020 2:11,R_1n31NyEc5eOpgYn,,,,,55.83929443,-4.289199829,anonymous,EN,I hereby consent to my participation in this experiment.,"Yes, I hereby agree and consent to the use of my data in future research.",5718a9c4dd9ef10013df01f0,Chicago,No,Yes,Yes,34,Female,Yes.,United Kingdom of Great Britain and Northern Ireland,United Kingdom of Great Britain and Northern Ireland,,,,,,,,,,,,,,,,,,,,,,,,,,,,,,,,,,,,,,,,,,,,,,,,,,,,,,,,,,,,,,,,,,,,,,,,,,,,,,,,,,,,,,,,,,,,100,,,,,,,,,,,,,,,,,,,,,,,,,,,,,,,3,8,60,2,63,0,0,58,35,0,62,0,75,7,34,14,0,82,1,11,62,96,0,100,6,10,20,12,0,0,,,,,,,,,,,,,,,,,,,,,,,,,,,,,,,,United Kingdom
8/06/2020 2:01,8/06/2020 2:11,IP Address,88.104.150.11,100,628,TRUE,8/06/2020 2:11,R_1gSaR9pM4TIE9ir,,,,,51.53219604,-0.098007202,anonymous,EN,I hereby consent to my participation in this experiment.,"Yes, I hereby agree and consent to the use of my data in future research.",5cdeae8d055c2e001a0c5308,Chicago,No,Yes,Yes,32,Female,"No, it's my second language.",United Kingdom of Great Britain and Northern Ireland,Lithuania,100,1,1,45,48,14,0,5,5,85,0,92,0,96,98,97,17,5,51,25,0,74,66,0,97,95,11,2,2,2,2,,,,,,,,,,,,,,,,,,,,,,,,,,,,,,,,,,,,,,,,,,,,,,,,,,,,,,,,,,,,,,,,,,,,,,,,,,,,,,,,,,,,,,,,,,,,,,,,,,,,,,,,,,,,,,,,,,,,,,,,,,,,,,,,,,,,,,,,,,,,,,,,,,,,,,,,,United Kingdom
8/06/2020 2:02,8/06/2020 2:11,IP Address,185.6.154.26,100,578,TRUE,8/06/2020 2:11,R_ai3bBnOdHJRM9Zn,,,,,53.76780701,-0.300506592,anonymous,EN,I hereby consent to my participation in this experiment.,"Yes, I hereby agree and consent to the use of my data in future research.",5e2ecf8ad5947f490c9d0f08,Chicago,No,Yes,Yes,59,Female,Yes.,United Kingdom of Great Britain and Northern Ireland,United Kingdom of Great Britain and Northern Ireland,90,15,5,74,5,10,5,2,9,22,4,95,4,69,92,49,74,4,24,90,8,14,64,5,94,7,87,4,7,2,7,,,,,,,,,,,,,,,,,,,,,,,,,,,,,,,,,,,,,,,,,,,,,,,,,,,,,,,,,,,,,,,,,,,,,,,,,,,,,,,,,,,,,,,,,,,,,,,,,,,,,,,,,,,,,,,,,,,,,,,,,,,,,,,,,,,,,,,,,,,,,,,,,,,,,,,,,United Kingdom
8/06/2020 2:00,8/06/2020 2:12,IP Address,86.142.233.255,100,685,TRUE,8/06/2020 2:12,R_33aj2w53TFAPoFl,,,,,50.88310242,-1.24369812,anonymous,EN,I hereby consent to my participation in this experiment.,"Yes, I hereby agree and consent to the use of my data in future research.",5e29c3e65570910297dbf70d,Chicago,No,Yes,Yes,63,Male,Yes.,United Kingdom of Great Britain and Northern Ireland,United Kingdom of Great Britain and Northern Ireland,100,,,,,,,,,,,,,,,,,,,,,,,,,,,,,,,0,0,19,0,36,0,0,50,0,0,49,0,0,19,1,20,2,49,0,29,0,73,0,77,0,32,0,0,0,0,,,,,,,,,,,,,,,,,,,,,,,,,,,,,,,,,,,,,,,,,,,,,,,,,,,,,,,,,,,,,,,,,,,,,,,,,,,,,,,,,,,,,,,,,,,,,,,,,,,,,,,,,,,,,,,,,,,,,,,,,,,United Kingdom
8/06/2020 2:04,8/06/2020 2:12,IP Address,86.186.120.213,100,512,TRUE,8/06/2020 2:12,R_2VdsyahG7aYmK6s,,,,,51.86549377,-1.571105957,anonymous,EN,I hereby consent to my participation in this experiment.,"Yes, I hereby agree and consent to the use of my data in future research.",5eda19fa68ef200309777c96,Chicago,No,Yes,Yes,19,Female,Yes.,United Kingdom of Great Britain and Northern Ireland,United Kingdom of Great Britain and Northern Ireland,100,,,,,,,,,,,,,,,,,,,,,,,,,,,,,,,10,57,81,19,85,44,0,44,77,20,100,55,100,90,91,76,29,100,91,0,61,100,56,100,75,57,68,68,59,27,,,,,,,,,,,,,,,,,,,,,,,,,,,,,,,,,,,,,,,,,,,,,,,,,,,,,,,,,,,,,,,,,,,,,,,,,,,,,,,,,,,,,,,,,,,,,,,,,,,,,,,,,,,,,,,,,,,,,,,,,,,United Kingdom
8/06/2020 2:04,8/06/2020 2:13,IP Address,109.152.206.2,100,521,TRUE,8/06/2020 2:13,R_1NsiPxwYJ3NNu6g,,,,,53.289505,-3.256698608,anonymous,EN,I hereby consent to my participation in this experiment.,"Yes, I hereby agree and consent to the use of my data in future research.",5be15b762876920001e754eb,Chicago,No,Yes,Yes,32,Male,Yes.,United Kingdom of Great Britain and Northern Ireland,United Kingdom of Great Britain and Northern Ireland,,,,,,,,,,,,,,,,,,,,,,,,,,,,,,,,,,,,,,,,,,,,,,,,,,,,,,,,,,,,,,,,,,,,,,,,,,,,,,,,,,,,,,,,,,,,100,,,,,,,,,,,,,,,,,,,,,,,,,,,,,,,7,41,63,66,45,66,45,50,23,12,25,13,44,62,58,41,31,31,68,65,61,91,61,62,16,53,34,23,20,32,,,,,,,,,,,,,,,,,,,,,,,,,,,,,,,,United Kingdom
8/06/2020 2:05,8/06/2020 2:13,IP Address,84.92.123.100,100,439,TRUE,8/06/2020 2:13,R_1nOtMXfU4NwDn7X,,,,,50.83830261,-0.670806885,anonymous,EN,I hereby consent to my participation in this experiment.,"Yes, I hereby agree and consent to the use of my data in future research.",576144e5eaf3f80007481fce,Chicago,No,Yes,Yes,67,Female,Yes.,United Kingdom of Great Britain and Northern Ireland,United Kingdom of Great Britain and Northern Ireland,,,,,,,,,,,,,,,,,,,,,,,,,,,,,,,,,,,,,,,,,,,,,,,,,,,,,,,,,,,,,,,,,,,,,,,,,,,,,,,,,,,,,,,,,,,,71,0,0,0,0,7,0,0,0,0,0,7,0,0,0,0,0,0,8,0,0,0,10,0,4,0,0,4,0,0,0,,,,,,,,,,,,,,,,,,,,,,,,,,,,,,,,,,,,,,,,,,,,,,,,,,,,,,,,,,,,,,United Kingdom
8/06/2020 2:01,8/06/2020 2:13,IP Address,86.190.165.214,100,708,TRUE,8/06/2020 2:13,R_ekV086DMYAXWk37,,,,,52.36360168,-0.678894043,anonymous,EN,I hereby consent to my participation in this experiment.,"Yes, I hereby agree and consent to the use of my data in future research.",5ebd5fa512c47d04402403da,Chicago,No,Yes,Yes,41,Male,Yes.,United Kingdom of Great Britain and Northern Ireland,United Kingdom of Great Britain and Northern Ireland,,,,,,,,,,,,,,,,,,,,,,,,,,,,,,,,,,,,,,,,,,,,,,,,,,,,,,,,,,,,,,,,,,,,,,,,,,,,,,,,,,,,,,,,,,,,100,,,,,,,,,,,,,,,,,,,,,,,,,,,,,,,,,,,,,,,,,,,,,,,,,,,,,,,,,,,,,0,0,52,0,92,0,0,0,0,0,48,0,0,0,22,0,0,18,0,0,0,91,0,82,0,0,0,0,0,0,,United Kingdom
8/06/2020 2:03,8/06/2020 2:13,IP Address,2.220.193.145,100,632,TRUE,8/06/2020 2:13,R_R8iOqluErrddD8t,,,,,50.84289551,-0.11579895,anonymous,EN,I hereby consent to my participation in this experiment.,"Yes, I hereby agree and consent to the use of my data in future research.",5d7a8b2844fed2001979a847,Chicago,No,Yes,Yes,24,Female,Yes.,United Kingdom of Great Britain and Northern Ireland,United Kingdom of Great Britain and Northern Ireland,92,,,,,,,,,,,,,,,,,,,,,,,,,,,,,,,74,78,66,68,89,79,8,75,60,12,97,16,88,87,86,95,22,74,83,42,57,95,46,92,10,72,34,9,21,17,,,,,,,,,,,,,,,,,,,,,,,,,,,,,,,,,,,,,,,,,,,,,,,,,,,,,,,,,,,,,,,,,,,,,,,,,,,,,,,,,,,,,,,,,,,,,,,,,,,,,,,,,,,,,,,,,,,,,,,,,,,United Kingdom
8/06/2020 2:04,8/06/2020 2:13,IP Address,86.19.141.141,100,547,TRUE,8/06/2020 2:13,R_2WNzVeNqbsjwf03,,,,,52.99940491,-1.13180542,anonymous,EN,I hereby consent to my participation in this experiment.,"Yes, I hereby agree and consent to the use of my data in future research.",5df9055bdf98d96828379fe9,Chicago,No,Yes,Yes,58,Female,Yes.,United Kingdom of Great Britain and Northern Ireland,South Africa,,,,,,,,,,,,,,,,,,,,,,,,,,,,,,,,,,,,,,,,,,,,,,,,,,,,,,,,,,,,,,,,,,,,,,,,,,,,,,,,,,,,,,,,,,,,92,,,,,,,,,,,,,,,,,,,,,,,,,,,,,,,,,,,,,,,,,,,,,,,,,,,,,,,,,,,,,5,2,22,2,7,31,10,10,71,16,72,12,16,10,11,10,8,20,11,6,20,1,10,70,0,60,22,1,29,9,,United Kingdom
8/06/2020 2:01,8/06/2020 2:13,IP Address,2.223.111.46,100,727,TRUE,8/06/2020 2:13,R_21cTyfrZtq08fn4,,,,,51.67019653,-3.206802368,anonymous,EN,I hereby consent to my participation in this experiment.,"Yes, I hereby agree and consent to the use of my data in future research.",5932ccd3cf0d9600010e91c3,Chicago,No,Yes,Yes,61,Female,Yes.,United Kingdom of Great Britain and Northern Ireland,United Kingdom of Great Britain and Northern Ireland,100,,,,,,,,,,,,,,,,,,,,,,,,,,,,,,,,,,,,,,,,,,,,,,,,,,,,,,,,,,,,,43,0,19,0,50,33,0,59,0,0,97,5,86,64,89,41,0,75,30,42,94,92,0,64,3,84,0,4,0,0,,,,,,,,,,,,,,,,,,,,,,,,,,,,,,,,,,,,,,,,,,,,,,,,,,,,,,,,,,,,,,,,,,,,,,,,,,,,,,,,,,,,,,,,,,,,,United Kingdom
8/06/2020 2:01,8/06/2020 2:14,IP Address,86.5.70.228,100,764,TRUE,8/06/2020 2:14,R_3MM5kzSJS0K4YWk,,,,,50.73339844,-1.924606323,anonymous,EN,I hereby consent to my participation in this experiment.,"Yes, I hereby agree and consent to the use of my data in future research.",59a3aa40bfd73c00010ea452,Chicago,No,Yes,Yes,38,Female,Yes.,United Kingdom of Great Britain and Northern Ireland,United Kingdom of Great Britain and Northern Ireland,99,0,0,0,0,0,0,0,0,0,0,0,0,0,0,0,0,0,0,0,0,63,48,0,0,0,0,0,0,0,0,,,,,,,,,,,,,,,,,,,,,,,,,,,,,,,,,,,,,,,,,,,,,,,,,,,,,,,,,,,,,,,,,,,,,,,,,,,,,,,,,,,,,,,,,,,,,,,,,,,,,,,,,,,,,,,,,,,,,,,,,,,,,,,,,,,,,,,,,,,,,,,,,,,,,,,,,United Kingdom
8/06/2020 2:02,8/06/2020 2:14,IP Address,86.145.83.225,100,745,TRUE,8/06/2020 2:14,R_1j8w1U4bJfYt6I5,,,,,51.44639587,-0.285903931,anonymous,EN,I hereby consent to my participation in this experiment.,"Yes, I hereby agree and consent to the use of my data in future research.",5d96108d33f8930017e85506,Chicago,No,Yes,Yes,18,Male,"No, it's my second language.",United Kingdom of Great Britain and Northern Ireland,United Kingdom of Great Britain and Northern Ireland,,,,,,,,,,,,,,,,,,,,,,,,,,,,,,,,,,,,,,,,,,,,,,,,,,,,,,,,,,,,,,,,,,,,,,,,,,,,,,,,,,,,,,,,,,,,100,,,,,,,,,,,,,,,,,,,,,,,,,,,,,,,,,,,,,,,,,,,,,,,,,,,,,,,,,,,,,56,49,68,66,70,56,58,35,37,39,94,92,93,93,94,80,48,79,74,36,50,48,64,100,75,98,46,55,45,45,,United Kingdom
8/06/2020 2:01,8/06/2020 2:14,IP Address,2.123.205.29,100,824,TRUE,8/06/2020 2:14,R_VUcizm26Pczviff,,,,,53.79229736,-1.754806519,anonymous,EN,I hereby consent to my participation in this experiment.,"Yes, I hereby agree and consent to the use of my data in future research.",5c5d9f390edbd90001e1f02b,Chicago,No,Yes,Yes,34,Male,Yes.,United Kingdom of Great Britain and Northern Ireland,United Kingdom of Great Britain and Northern Ireland,100,,,,,,,,,,,,,,,,,,,,,,,,,,,,,,,,,,,,,,,,,,,,,,,,,,,,,,,,,,,,,0,0,44,0,0,39,0,48,10,0,100,29,77,26,62,25,0,55,11,63,19,100,10,76,14,50,17,15,0,0,,,,,,,,,,,,,,,,,,,,,,,,,,,,,,,,,,,,,,,,,,,,,,,,,,,,,,,,,,,,,,,,,,,,,,,,,,,,,,,,,,,,,,,,,,,,,United Kingdom
8/06/2020 2:01,8/06/2020 2:14,IP Address,86.142.109.183,100,808,TRUE,8/06/2020 2:14,R_AMN1Z11swVhoFzz,,,,,52.0625,-1.342895508,anonymous,EN,I hereby consent to my participation in this experiment.,"Yes, I hereby agree and consent to the use of my data in future research.",5d100f65b5b7bb0001ce159d,Chicago,No,Yes,Yes,40,Male,Yes.,United Kingdom of Great Britain and Northern Ireland,United Kingdom of Great Britain and Northern Ireland,100,43,0,66,29,73,46,0,75,0,17,100,79,100,69,100,70,47,74,0,71,0,82,0,100,0,46,29,100,0,0,,,,,,,,,,,,,,,,,,,,,,,,,,,,,,,,,,,,,,,,,,,,,,,,,,,,,,,,,,,,,,,,,,,,,,,,,,,,,,,,,,,,,,,,,,,,,,,,,,,,,,,,,,,,,,,,,,,,,,,,,,,,,,,,,,,,,,,,,,,,,,,,,,,,,,,,,United Kingdom
8/06/2020 2:02,8/06/2020 2:15,IP Address,90.222.86.18,100,810,TRUE,8/06/2020 2:15,R_25T4gDf7gTq9VO9,,,,,54.93130493,-1.585494995,anonymous,EN,I hereby consent to my participation in this experiment.,"Yes, I hereby agree and consent to the use of my data in future research.",55885582fdf99b4021921fbd,Chicago,No,Yes,Yes,64,Female,Yes.,United Kingdom of Great Britain and Northern Ireland,United Kingdom of Great Britain and Northern Ireland,,,,,,,,,,,,,,,,,,,,,,,,,,,,,,,,,,,,,,,,,,,,,,,,,,,,,,,,,,,,,,,,,,,,,,,,,,,,,,,,,,,,,,,,,,,,100,0,0,0,0,26,0,0,0,0,0,34,0,17,24,0,46,0,6,3,0,0,40,0,50,0,0,3,0,2,0,,,,,,,,,,,,,,,,,,,,,,,,,,,,,,,,,,,,,,,,,,,,,,,,,,,,,,,,,,,,,,United Kingdom
8/06/2020 2:05,8/06/2020 2:16,IP Address,86.140.176.169,100,645,TRUE,8/06/2020 2:16,R_2D0jX1YEmVfu5nZ,,,,,54.63330078,-6.550003052,anonymous,EN,I hereby consent to my participation in this experiment.,"Yes, I hereby agree and consent to the use of my data in future research.",5ec106c6fe77013c2e1e0ea6,Chicago,No,Yes,Yes,47,Male,Yes.,United Kingdom of Great Britain and Northern Ireland,United Kingdom of Great Britain and Northern Ireland,,,,,,,,,,,,,,,,,,,,,,,,,,,,,,,,,,,,,,,,,,,,,,,,,,,,,,,,,,,,,,,,,,,,,,,,,,,,,,,,,,,,,,,,,,,,71,0,0,16,0,7,1,0,9,0,0,8,0,3,0,19,7,0,5,2,0,0,10,0,9,3,0,2,4,0,0,,,,,,,,,,,,,,,,,,,,,,,,,,,,,,,,,,,,,,,,,,,,,,,,,,,,,,,,,,,,,,United Kingdom
8/06/2020 2:09,8/06/2020 2:16,IP Address,85.115.52.202,100,416,TRUE,8/06/2020 2:16,R_2ALIeFwfrCiliUp,,,,,51.51579285,-0.423400879,anonymous,EN,I hereby consent to my participation in this experiment.,"Yes, I hereby agree and consent to the use of my data in future research.",5cef11e2b04fdd0016b177ce,Chicago,No,Yes,Yes,29,Female,Yes.,United Kingdom of Great Britain and Northern Ireland,United Kingdom of Great Britain and Northern Ireland,,,,,,,,,,,,,,,,,,,,,,,,,,,,,,,,,,,,,,,,,,,,,,,,,,,,,,,,,,,,,,,,,,,,,,,,,,,,,,,,,,,,,,,,,,,,93,,,,,,,,,,,,,,,,,,,,,,,,,,,,,,,,,,,,,,,,,,,,,,,,,,,,,,,,,,,,,2,10,97,2,29,54,1,53,74,0,98,5,78,81,96,51,5,10,33,31,2,46,9,98,7,51,55,2,0,6,,United Kingdom
8/06/2020 2:01,8/06/2020 2:17,IP Address,5.198.72.176,100,972,TRUE,8/06/2020 2:17,R_WCIDWxH2x8vFTnr,,,,,53.76060486,-0.373397827,anonymous,EN,I hereby consent to my participation in this experiment.,"Yes, I hereby agree and consent to the use of my data in future research.",5928947add1a250001b4e859,Chicago,No,Yes,Yes,41,Male,Yes.,United Kingdom of Great Britain and Northern Ireland,United Kingdom of Great Britain and Northern Ireland,,,,,,,,,,,,,,,,,,,,,,,,,,,,,,,,,,,,,,,,,,,,,,,,,,,,,,,,,,,,,,,,,,,,,,,,,,,,,,,,,,,,,,,,,,,,91,,,,,,,,,,,,,,,,,,,,,,,,,,,,,,,21,5,41,0,28,4,10,34,52,0,84,15,68,26,21,66,3,27,51,11,63,96,1,68,1,11,29,8,9,1,,,,,,,,,,,,,,,,,,,,,,,,,,,,,,,,United Kingdom
8/06/2020 2:00,8/06/2020 2:18,IP Address,90.254.227.111,100,1081,TRUE,8/06/2020 2:18,R_3ETrrowVKaHE2kH,,,,,51.99499512,0.584396362,anonymous,EN,I hereby consent to my participation in this experiment.,"Yes, I hereby agree and consent to the use of my data in future research.",5e8783743c01b33eecdf67f2,Chicago,No,Yes,Yes,39,Male,Yes.,United Kingdom of Great Britain and Northern Ireland,United Kingdom of Great Britain and Northern Ireland,100,,,,,,,,,,,,,,,,,,,,,,,,,,,,,,,70,0,97,0,98,76,1,82,91,2,100,1,95,100,5,0,2,64,0,18,100,100,0,100,4,58,99,1,1,1,,,,,,,,,,,,,,,,,,,,,,,,,,,,,,,,,,,,,,,,,,,,,,,,,,,,,,,,,,,,,,,,,,,,,,,,,,,,,,,,,,,,,,,,,,,,,,,,,,,,,,,,,,,,,,,,,,,,,,,,,,,United Kingdom
8/06/2020 2:00,8/06/2020 2:18,IP Address,2.122.69.233,100,1075,TRUE,8/06/2020 2:18,R_1C2eEB6ntWcVlkY,,,,,50.3881073,-4.132400513,anonymous,EN,I hereby consent to my participation in this experiment.,"Yes, I hereby agree and consent to the use of my data in future research.",5d3f130112a7c200013c0d45,Chicago,No,Yes,Yes,59,Female,Yes.,United Kingdom of Great Britain and Northern Ireland,United Kingdom of Great Britain and Northern Ireland,48,,,,,,,,,,,,,,,,,,,,,,,,,,,,,,,,,,,,,,,,,,,,,,,,,,,,,,,,,,,,,3,13,20,0,10,19,1,49,0,0,100,3,49,65,19,66,3,85,71,88,0,73,14,100,78,2,14,7,0,0,,,,,,,,,,,,,,,,,,,,,,,,,,,,,,,,,,,,,,,,,,,,,,,,,,,,,,,,,,,,,,,,,,,,,,,,,,,,,,,,,,,,,,,,,,,,,United Kingdom
8/06/2020 2:05,8/06/2020 2:20,IP Address,86.2.211.15,100,906,TRUE,8/06/2020 2:20,R_1qXmWcZBs7JhL02,,,,,55.00210571,-1.628692627,anonymous,EN,I hereby consent to my participation in this experiment.,"Yes, I hereby agree and consent to the use of my data in future research.",5e7862f072b4823dcbd0bf07,Chicago,No,Yes,Yes,24,Female,Yes.,United Kingdom of Great Britain and Northern Ireland,United Kingdom of Great Britain and Northern Ireland,75,,,,,,,,,,,,,,,,,,,,,,,,,,,,,,,,,,,,,,,,,,,,,,,,,,,,,,,,,,,,,52,50,74,5,46,43,25,54,43,1,78,13,94,78,30,45,26,52,71,55,71,93,0,86,0,50,64,51,9,21,,,,,,,,,,,,,,,,,,,,,,,,,,,,,,,,,,,,,,,,,,,,,,,,,,,,,,,,,,,,,,,,,,,,,,,,,,,,,,,,,,,,,,,,,,,,,United Kingdom
8/06/2020 2:16,8/06/2020 2:23,IP Address,86.135.226.74,100,455,TRUE,8/06/2020 2:23,R_2XbrRlqnfn2NcFt,,,,,51.64849854,-0.780105591,anonymous,EN,I hereby consent to my participation in this experiment.,"Yes, I hereby agree and consent to the use of my data in future research.",5aad8499e1546900019aef29,Chicago,No,Yes,Yes,19,Male,Yes.,United Kingdom of Great Britain and Northern Ireland,United Kingdom of Great Britain and Northern Ireland,,,,,,,,,,,,,,,,,,,,,,,,,,,,,,,,,,,,,,,,,,,,,,,,,,,,,,,,,,,,,,,,,,,,,,,,,,,,,,,,,,,,,,,,,,,,100,21,31,64,41,100,22,28,100,24,34,100,61,66,100,100,86,36,91,77,74,89,76,20,100,83,38,74,74,7,0,,,,,,,,,,,,,,,,,,,,,,,,,,,,,,,,,,,,,,,,,,,,,,,,,,,,,,,,,,,,,,United Kingdom
8/06/2020 2:01,8/06/2020 2:27,IP Address,80.3.125.195,100,1563,TRUE,8/06/2020 2:27,R_3oFUw2ptShzNojZ,,,,,53.58659363,-2.435394287,anonymous,EN,I hereby consent to my participation in this experiment.,"Yes, I hereby agree and consent to the use of my data in future research.",5e7d4f0eb863743dfb52a3b9,Chicago,No,Yes,Yes,22,Female,Yes.,United Kingdom of Great Britain and Northern Ireland,United Kingdom of Great Britain and Northern Ireland,,,,,,,,,,,,,,,,,,,,,,,,,,,,,,,,,,,,,,,,,,,,,,,,,,,,,,,,,,,,,,,,,,,,,,,,,,,,,,,,,,,,,,,,,,,,83,,,,,,,,,,,,,,,,,,,,,,,,,,,,,,,,,,,,,,,,,,,,,,,,,,,,,,,,,,,,,13,0,25,14,9,16,0,18,4,0,100,0,100,83,90,64,0,81,72,11,18,84,0,100,19,9,17,25,0,0,,United Kingdom
8/06/2020 2:00,8/06/2020 2:30,IP Address,79.78.251.8,100,1772,TRUE,8/06/2020 2:30,R_2WVdZsm4CPq2JvQ,,,,,52.45500183,-1.864105225,anonymous,EN,I hereby consent to my participation in this experiment.,"Yes, I hereby agree and consent to the use of my data in future research.",57237df88445810009021781,Chicago,No,Yes,Yes,28,Female,Yes.,United Kingdom of Great Britain and Northern Ireland,United Kingdom of Great Britain and Northern Ireland,100,,,,,,,,,,,,,,,,,,,,,,,,,,,,,,,,,,,,,,,,,,,,,,,,,,,,,,,,,,,,,19,40,24,20,54,11,29,9,6,5,84,66,86,87,65,62,37,72,49,10,54,69,34,83,19,30,36,40,12,0,,,,,,,,,,,,,,,,,,,,,,,,,,,,,,,,,,,,,,,,,,,,,,,,,,,,,,,,,,,,,,,,,,,,,,,,,,,,,,,,,,,,,,,,,,,,,United Kingdom
8/06/2020 2:02,8/06/2020 2:37,IP Address,90.253.164.201,100,2108,TRUE,8/06/2020 2:37,R_pShm87oJXsHd9Kx,,,,,51.46229553,-2.550201416,anonymous,EN,I hereby consent to my participation in this experiment.,"Yes, I hereby agree and consent to the use of my data in future research.",5ea9eb06e3ba571520403fc6,Chicago,No,Yes,Yes,29,Female,Yes.,United Kingdom of Great Britain and Northern Ireland,United Kingdom of Great Britain and Northern Ireland,39,3,1,59,1,42,30,1,45,45,1,91,52,61,41,59,43,0,74,50,10,36,74,0,89,12,9,53,22,0,0,,,,,,,,,,,,,,,,,,,,,,,,,,,,,,,,,,,,,,,,,,,,,,,,,,,,,,,,,,,,,,,,,,,,,,,,,,,,,,,,,,,,,,,,,,,,,,,,,,,,,,,,,,,,,,,,,,,,,,,,,,,,,,,,,,,,,,,,,,,,,,,,,,,,,,,,,United Kingdom
